id,isFake
d253d7b7ac,0
fcfe44d0a0,0
213caf5cf5,0
15aefc8374,0
aded40e220,0
e9ac376736,0
4aaf3134cd,0
0b592c6927,0
352a4f7504,0
4989b04049,0
f7df34ce0a,0
abcc98cc68,0
eab8ff114c,0
a3244ad461,0
16f5fa5ce9,0
204d81c411,0
c068e38b5b,0
f462d26aa0,0
b4a906ff5d,0
24adc577f0,0
cc557d4607,0
816d797f1f,0
4d52971a69,0
d818f221cb,0
408750da3f,0
13908fe4d3,0
164ac2402a,0
e9b585a001,0
0c8f86d7e6,0
1115fd804c,0
98c53df687,0
62a728b0b2,0
98ee81c41d,0
4b70c9928c,0
ea0bc52c79,0
f60dfcd2ab,0
1dce0fdeb3,0
07a7458399,0
67175aa0ed,0
a4360f55cf,0
2334b98bcb,0
e50b6b02d6,0
fdab00ab9b,0
af276dd998,0
954446921d,0
4eee1c20e6,0
0d497212b5,0
ee37c2f5b4,0
b57104c5b0,0
8a159f78a4,0
44021a167f,0
3be13cd9cb,0
ec9b8e7a0d,0
17c7f8a245,0
8664f0d168,0
c59a181ee3,0
756881a473,0
46008e02d0,0
ae8502b547,0
206bc84a38,0
75ab3e0a8f,0
8a67189c84,0
de74413100,0
c7f1134cc9,0
a5e6af776c,0
798bf980fe,0
1f74494f92,0
bac6d66266,0
344d84df42,0
c170ab55d5,0
ab9828ca39,0
85e63bcfdc,0
23ed5d9b3c,0
93f5dbaef3,0
96e85c9fe3,0
80f8ded29f,0
0252fa3e9d,0
973d94870e,0
e8ee489ad4,0
8df93a86bb,0
725e310110,0
a20a2b7bb0,0
41e1ab5f6a,0
bef1552cfd,0
12387fae83,0
9ff0419d06,0
daa1dbb904,0
e8b4773f26,0
87557ad1d2,0
3b37ef6a1b,0
00431bea7c,0
8ae6830f61,0
68bf6c87eb,0
6c31832091,0
530f967e2a,0
b44891323c,0
9bf42f4b66,0
34ac9f308c,0
c9b9c4c536,0
defaef0cc4,0
6b0f184f14,0
1f9a1de322,0
a3b4b1d0d0,0
93de0089bf,0
4739ee3bd2,0
557fe9494c,0
f9ca4044fc,0
86398e14cd,0
81a83544cf,0
209b256456,0
f796124803,0
94acb90928,0
0e5275f34e,0
794085b394,0
c8510e576d,0
bdac9d9df3,0
f0a6eead2e,0
7907a88d77,0
1df7964a1c,0
bda5459a0e,0
386e8a0ee4,0
9e12d26cd7,0
b11b916a54,0
9199d9e5b2,0
aee98c562f,0
0546542b90,0
31dd3d260b,0
a3bc9e9e58,0
6a4bb0c33b,0
6e17f7196e,0
aa8e22a09f,0
1d0c2d6ea2,0
b26f2fdfb6,0
b9102e884e,0
67b7596140,0
4cedaf7dcf,0
474fb66b62,0
2aec369441,0
083deea4f6,0
1695644557,0
a07e64a2ce,0
eb51765053,0
aafee1a675,0
a31497a11d,0
44313a51f4,0
193dfde4a2,0
a288403a28,0
dd12cf7243,0
5ed4cae006,0
9e41f0b66e,0
c181bc1cc8,0
1cc4c660d8,0
03b83534fb,0
cb5611d878,0
ee9c43424b,0
a5b06020eb,0
27cc37a6a2,0
c999d2c409,0
ff3637d30b,0
caaafd2b33,0
fd36d80fe1,0
bc7fe627d4,0
f80f7bed75,0
2545a02d83,0
d3e1af605c,0
0175a63483,0
16d5164c6f,0
8134f1627e,0
15ccf2dd2d,0
c5165083be,0
a21177bddb,0
fc8cf0cb7e,0
fa7c73f19c,0
4d51741118,0
a5f643933b,0
bffb5fb92a,0
594481e1c7,0
0f8eb4b72b,0
90b8243fdb,0
18c6c376df,0
711b63d551,0
e94e063888,0
5447175c21,0
5e81d4d4d1,0
d24eac45e6,0
02abf8fa7d,0
36d144ea08,0
7d7179c146,0
975d3bdc01,0
3ed23197a0,0
2f1987bf98,0
32ec692a60,0
9c9a60de58,0
b89b4972ab,0
b5740f0e88,0
343a813f39,0
892cdff2d3,0
65882b931b,0
c18377cbb0,0
9a7bf93d67,0
cc830be9da,0
ea2db9f92d,0
1ff474b06c,0
a080dde530,0
6a0a323dee,0
c1b4f8de80,0
831e6bd92d,0
be6adc2dbd,0
0a175804c6,0
f0ce886ca0,0
f16a51d4ce,0
7ac9206afb,0
11bde34a65,0
b1ded99722,0
deeced0756,0
461b2e3622,0
a2fc3cbeda,0
84b504f830,0
b8c3aaba4f,0
35d5aa731b,0
efb092e036,0
2cafe232be,0
13b15ff5b9,0
a740a8741c,0
68d1bf5ebb,0
b767749a5f,0
cb7593a6ad,0
7b0838c2af,0
9b7c4f02b4,0
86d1d4f9c4,0
da7b878e5a,0
c99400625d,0
4391f8f1f4,0
7e62ce1549,0
257ad493dc,0
eb8bff7a00,0
6b724a6630,0
0c98f95c5d,0
92d0afcc0b,0
a0d0c52202,0
a883209b00,0
ca30609097,0
70399d63b1,0
2dc625dcdf,0
3fcda963bd,0
312055965b,0
65ec2f55d5,0
9e3b6232cb,0
fb87e6cf60,0
96f89b80b1,0
6d80bd323a,0
e25f201f90,0
cb850da6bf,0
e5f18bac25,0
16d0382287,0
3673b82b48,0
f16e7eb58b,0
bfaa492bc1,0
e7c1eab39b,0
dab6e46723,0
936f6af81f,0
5c3d91e81a,0
47dbf29fa3,0
77264818a0,0
cc6d62e311,0
66945e57b1,0
329cc1a2b0,0
819460fd93,0
05ee885326,0
6c9a1c7d0e,0
fd68fcf88c,0
172a7c9e0e,0
26773930fc,0
704fabf04c,0
75abf1771c,0
e8026bda3e,0
6a25547cf3,0
d9cf8835e2,0
4417546088,0
59279341ea,0
959daad759,0
b46d9a5ffd,0
df27cf7517,0
fdba2719a9,0
0a1954a487,0
a4c42a3f5f,0
cc7909fb83,0
37428ab362,0
1a5de96b83,0
005fc4185b,0
f4707bd71b,0
addcb3d959,0
00b8f2fdf1,0
5825f1c45e,0
98e305f0ca,0
f99b90e11b,0
6641020d80,0
74ed8ca63e,0
a4aab274a5,0
ec11f26d67,0
09957ae4db,0
5050ad1713,0
11900bd794,0
ed893e02d0,0
b39885a157,0
94c1127ab5,0
0c9e88b28d,0
9dfbae9825,0
1bd3b51d29,0
f3a2520e31,0
1d4f494a87,0
c9bc8558b5,0
5dc3c3700c,0
c39cb2c540,0
2ca9f63bb0,0
87e9749e8d,0
c81b352b27,0
e950edf04f,0
ac8dcfb205,0
ff57b2908b,0
92151fcdb9,0
59d53da680,0
b019b5be01,0
30a1310587,0
0c73ebfedf,0
92c1ef947f,0
ed3f057dba,0
a27d23ba80,0
155add4582,0
55635dfb68,0
460143e647,0
2b20a53b75,0
84bdcd1566,0
7e5502429b,0
095eaa09cd,0
ac040af519,0
17402467b7,0
a3c8e75f74,0
fde14d5b0b,0
6e28f13966,0
b6f6b6715f,0
7f7e4d7eba,0
bb9d987697,0
a6f988d303,0
61cec61790,0
bfabb6cf02,0
fd53efd894,0
9212e5e6ef,0
1de9a94dd8,0
0c064516a0,0
aea7c84e71,0
b280279a0e,0
cb93e6ff2f,0
26b78cac27,0
d325ff4e3f,0
392e98bd37,0
3bd8c90904,0
7812cee22b,0
385c56eff6,0
cc80e5682a,0
c1e40f7d1f,0
eace48a195,0
638353fafb,0
957a5bd574,0
f432f3b7c5,0
b4c79208b5,0
cbcd59dc50,0
40794500a2,0
5ad0e75a51,0
996aa13071,0
c73c63198a,0
5325302e6a,0
826958d9ae,0
6ae2718959,0
ed823ec32c,0
938243a174,0
d047f40b7e,0
9e40f86360,0
66a3bb31c6,0
7a62efd0ad,0
d1b0b7687f,0
9b934e3e71,0
ede4d2a705,0
12fb7b835d,0
c98c37cbc0,0
8aafdc7139,0
df4e0207f6,0
c393f6347e,0
956fb62ae9,0
788181d3e6,0
d9374fd55c,0
d191038eb3,0
d7b6fab9aa,0
1ed518556c,0
ae5ca0b50c,0
2016478d94,0
79f06f8fde,0
fd47ac3c0f,0
015287fce0,0
0d0c9bc37a,0
8b8b2039da,0
796771e70b,0
e084d7507d,0
40cc2e9440,0
880c2fc008,0
05d126b39f,0
90f84ecc4c,0
0566b75aac,0
edbf8a7109,0
39938bd534,0
abe6c5838b,0
1e8be1a00f,0
a33b9df1b5,0
310acd4ad5,0
1c8c47becf,0
80ccd59a71,0
61b1dbc919,0
a5ca6c0335,0
ce741a4b1d,0
40e3295b8d,0
fdf3ec936e,0
173ae8ba5d,0
781c405a42,0
ec9c3833d2,0
3c8a2ab40a,0
ddafe0dc90,0
eedaf2856c,0
77104970ca,0
74e7091094,0
cb2cf4bf26,0
dcce7a9a1b,0
92414e34de,0
e3687e2a32,0
735e4a8aa7,0
58785735f9,0
9990866c30,0
1d06ea55f7,0
72e37da8a6,0
00603386e3,0
0ffe1abd1a,0
5cbcdc58b3,0
ef501c2555,0
1e19e076f5,0
3b25e0d5df,0
cff0e3db64,0
fd11ed8d7f,0
8b02930557,0
c0d2b0fe4d,0
35b6af913d,0
00f6cfcec1,0
29c550b073,0
2e8dc7a001,0
edd947dc07,0
4637279101,0
37bf713760,0
92e83f839f,0
396b8e65a8,0
675fa5692e,0
9e04203152,0
c28c7d9c61,0
0e6da782fd,0
36b0207bd8,0
00150bc11a,0
4d07519535,0
9326acebbb,0
0f33e04ac3,0
5183d65cc7,0
9fa4354c24,0
3fe9924209,0
b746356b9c,0
854e995a2a,0
2b3acf19e8,0
9efd1fabf7,0
c17ec73c80,0
6db44caad5,0
413285aad9,0
7733482379,0
90bbc9533a,0
24fb08806f,0
85d6385b94,0
084ae23e69,0
7b4c3b903d,0
79e8c13e1a,0
7cd788de2f,0
03340dc42c,0
5f302d143d,0
6135585b98,0
e538262935,0
63ccce1a85,0
f71da8e0f9,0
a5f47b4c33,0
b6316aa9a0,0
c3b4f551e7,0
18de9efae3,0
22a2fa7d04,0
3e6ce2279a,0
6fb4775fed,0
3e7c3d4cf5,0
ee009e2ffa,0
de650d61f5,0
15b9e0db83,0
459ef54b95,0
6db3a80d11,0
0038d86077,0
374313d96f,0
9143026989,0
1ef96e7e96,0
a073f12ea6,0
eee1c798f0,0
2a890496af,0
8e71b24534,0
52fca1c424,0
da360c513c,0
a0bd94956b,0
44ee0598d2,0
f1de64eac8,0
dafb86559e,0
5243263d41,0
0978243e4a,0
2799599319,0
df33710fde,0
b138c0b35a,0
0894112f55,0
f031a0a35f,0
2ab3fcb832,0
f7c08cbf48,0
b35b03ac33,0
b023673aa0,0
a7a057f8ba,0
9f8917ad86,0
d934ef5cf6,0
4431ed99fc,0
11aba8d225,0
c56b05eb52,0
1eaf311a90,0
6582915061,0
b4106e79a7,0
516454e884,0
b3e9ff4f60,0
8caeb7558c,0
11d1ff4edd,0
1e754257f5,0
a2144767f3,0
ab04a0144a,0
93a2b2c622,0
5db1fee4b5,0
5d89b32e6e,0
5a026936ec,0
afd679cd3f,0
5b2b722628,0
70c023a77b,0
673a620c39,0
a78f19952e,0
12b0df1855,0
d642822b36,0
b9d7ccd5bd,0
1e3a2d08ec,0
3c20216b68,0
20756d2b18,0
2a42480087,0
5c2e13bb6c,0
f8638b979b,0
b553e6af4f,0
3b238667e1,0
0b4d2494a6,0
f57b0c6391,0
3267ef2a83,0
29d740ef3d,0
acec32b9a9,0
6f24984bd0,0
467db1d7f1,0
65bba5fb79,0
4d0394d43c,0
bddb80a223,0
e4ac7c04eb,0
08948ed54b,0
68fb74e20a,0
3c06bc19ea,0
3380f3fe3a,0
88cf986449,0
cb54dc2b78,0
c91a1ad0b6,0
09dc1bb2b2,0
23d5e75ed4,0
9705cc6128,0
a025f0314b,0
40aa43e125,0
a2c2bc574f,0
739dbef65f,0
a5c718889e,0
124640bf27,0
c2db26c514,0
3533044dca,0
ade25c4b42,0
3da16474e3,0
dbbed59282,0
1be8c0f146,0
9baa6a7a3b,0
7b8b6e396e,0
0a53ec6728,0
726319add6,0
1b95c8a0da,0
8b37471d78,0
a6ba1d32e2,0
ba977edd78,0
c8ed3f94cc,0
637cb12f3f,0
f37f3f2b0d,0
1ba71fb680,0
8b0f03858c,0
c83476e39f,0
c95118c20c,0
914a319c0a,0
d58144b2c7,0
c77639710b,0
b7280f4e20,0
c010bb0f7f,0
dafff407d7,0
d21753641f,0
d0ea28283d,0
7d96ff26c3,0
c857613e57,0
92f3c34650,0
0f7afb8f94,0
5fb1f2daae,0
a0a5df5022,0
678f2f2452,0
68732e61c9,0
b32523d903,0
c6d537e112,0
f86064981e,0
99fb3a5b96,0
fb5fa8f93a,0
25dcece36e,0
a1acb291bb,0
72dfbd8176,0
706ebbff90,0
a34c7305af,0
f04ac0af07,0
462c4f578d,0
c54437a172,0
7811e7c165,0
b2b48d24f7,0
01a0123885,0
3eb5e2c42f,0
914c948388,0
f27f4a6236,0
0d3fa6dd8f,0
1c189411f7,0
75cc7328c0,0
95d41ec85b,0
197fadbf47,0
df139c4035,0
23c6d0d78e,0
cab3c9da25,0
2730a07b09,0
66c2e6dd7f,0
c18a8ad752,0
f492942d2a,0
28fdc9b17c,0
c5920d177d,0
75d93dbee6,0
96a1a93e19,0
7e8e682553,0
61f5643ded,0
70fa656aa0,0
13e0528b79,0
022284656e,0
ba144a526c,0
f525eef4f0,0
230ad27c6e,0
be3d629f02,0
183d58f7c3,0
e9939725d9,0
78a69c6fdc,0
f3c39d0642,0
87a08ac712,0
128e7339ae,0
db5989a78d,0
665cb02ac3,0
6e348eb067,0
70a66b33d5,0
62d1c8c930,0
bb12fc5a6a,0
08af8411ea,0
576da443f7,0
7a44fc7a25,0
5f395d0736,0
9bbf7a2c29,0
bca06ec2f9,0
c6a99dc9b0,0
c4b2398ae8,0
3ea77fc339,0
f85dd1cb11,0
f76cb816b3,0
0d866ba9f9,0
fb7fb643ef,0
8c6c42f379,0
c28d92fa2e,0
083f14945e,0
05e5ddbcc5,0
7a0fc5c706,0
4eec6372c0,0
d38ba283f5,0
9d9b481a8a,0
d937ffa207,0
622a1ac152,0
416c6556e9,0
eb5af8ab99,0
0e0c8d9c5f,0
d0d54d0f71,0
63bfc4219c,0
36f9a4c00c,0
26479677d1,0
0eadf1d576,0
2720d8d6d1,0
c324e12aaf,0
6f51629738,0
9589262630,0
6592e596d7,0
2e3ed35f80,0
325969e80b,0
2206b111c9,0
c699c24581,0
337b02741a,0
98b1690510,0
9b723fbd36,0
2fcb7918c5,0
e39eef82f6,0
c76e5e55b9,0
8a10191e65,0
7527ba85bd,0
2dea8d8d4c,0
9bc1fb3a89,0
3720b27e09,0
f18c99b3da,0
cdbe4e7e26,0
487e4a2ed2,0
731d65cdd4,0
b48b0e2e92,0
1395d0b76b,0
fd458a3e93,0
502f2d22a8,0
3283dafb66,0
93d842ed8c,0
a24eeae3c6,0
1f0c90cf2d,0
ceebaec62d,0
c0c604c908,0
9c8dd327d0,0
8f2514413b,0
2ee8ae59b9,0
20bb38aa47,0
89d6aac5e0,0
5cd5381207,0
c08a1a2684,0
059abcdaf2,0
ee7f28fec2,0
13d182f2d8,0
5b761850c1,0
c67bc18bc1,0
411b255e8c,0
f406f0abab,0
c4e2e9a17e,0
2163909115,0
ee47968ec5,0
9bf785e9c6,0
4508bd9ba1,0
f64ee82a9f,0
2e86d55251,0
7825b394f8,0
bb68fd7328,0
a948b46c0f,0
240e1a3ff9,0
6527ac2e8c,0
df936119b4,0
7ca2552ffd,0
4b177cf574,0
884787790b,0
59933d7764,0
af598ae625,0
51358c64f0,0
e78ade91a0,0
982f632c9a,0
f40ddf6742,0
fb15ed71f5,0
89e9e4fb88,0
94cf0ae7ea,0
b5e7b0e5f7,0
2d92cc08f2,0
abdc523261,0
d4192f0676,0
4c3c3282e2,0
c00cf03158,0
00039a1517,0
74bb05d20f,0
0f0c8d4b9f,0
3a5554022e,0
33f849de36,0
016562d2d3,0
310ced3720,0
97f72eb019,0
6f3934eede,0
872861322b,0
0cfc62b7b1,0
4d939723ae,0
be7835abed,0
ac3d60f67c,0
e523840da7,0
30606ac3b4,0
43e8852bef,0
fee7e1048f,0
5787a7c37c,0
fd98aa9d9c,0
d7826181fc,0
d2642c5b5a,0
46b360d48f,0
323b4f3c0d,0
8107b392cd,0
7e95cec8e7,0
12004090b1,0
4e9bc236f7,0
4e58abd487,0
f22be6c15a,0
7c67342e1d,0
dc7beace3f,0
53900db626,0
79367e4823,0
9cf876e274,0
1ae2f3fe57,0
2ff2a721fa,0
37af3f678e,0
62f7370768,0
da6a103caf,0
48f8054ac2,0
77f2409b04,0
2dc3664998,0
a2e0636532,0
614f5408ea,0
7833274562,0
f12e915e89,0
4cd31e5e6c,0
606e317ed5,0
9caa05aeaa,0
4d0c876fd1,0
9c7be863c0,0
231c10e69d,0
158a323a7b,0
61daba955b,0
f3058bcbb0,0
f819548794,0
4cf3ab13ec,0
59c260251c,0
2b3baf9bf9,0
26c6954bc8,0
b9743a4ad1,0
67a6e8768b,0
919c68ff75,0
af0d765a96,0
c789a815d8,0
67e4b2c00e,0
809fe50cf3,0
a7dccef9ce,0
e36deec09a,0
a7d2a606c6,0
98c94daf4e,0
6cc6eefb67,0
4fbb9cf697,0
f5884b3c17,0
298435ff50,0
0e652b392b,0
9552186d84,0
bc1b62ebf8,0
3b66ce5fb8,0
283a20d16f,0
f7ad345930,0
6b7439e60b,0
43eb64f59e,0
d95c59c87f,0
56cc29cee9,0
605e9e90d5,0
56b18dca15,0
0baee19b37,0
1346eb7339,0
a33b4b5dd7,0
a5e45791a5,0
2ac4aca6a7,0
7156de10b0,0
120c921ffa,0
09ee3cc383,0
d54f847d6a,0
66ba11c8b5,0
5aec607067,0
5ca78d6030,0
cbe52a3141,0
82246180d0,0
96da37e95d,0
e7faa8b075,0
24d884a9e0,0
7b3b4e5fed,0
476b7e335e,0
ecd50d3a4d,0
2bde19bfd8,0
66a7a5807c,0
e571c88356,0
ef3eaba74d,0
14d50a4ddc,0
95f180e417,0
a903182ff4,0
ecb2c5cd36,0
18d84c13d3,0
6ca4d4e504,0
a9bb528ed8,0
dd32f57818,0
78ee4a5c1f,0
ffb3b559b4,0
9cb4b00d01,0
a5ae3f2dbb,0
43d5996852,0
ca0a39458d,0
a258d29223,0
e5ee439ab9,0
a9feb4e42c,0
976d5deeab,0
419487a66d,0
e361ec1ff5,0
f5efb6e05e,0
4a621015e5,0
94b036ea19,0
e4819f21c5,0
82d2cacdab,0
040fe555cb,0
00f3ca2ec8,0
9af3b93b11,0
43c060b3a5,0
6bf79d7d0a,0
920232613e,0
b3e34e9fe5,0
aad06835b8,0
f06ca10f49,0
396019fec6,0
7e9ce5ed46,0
ef01091e6e,0
8d6906944d,0
7123d367e3,0
3fe9eb6564,0
2e9352c704,0
6ecf763ff6,0
80dd61da7c,0
bd7997353a,0
ce332c83a2,0
9106f1ec4a,0
91010dd150,0
8b87536f8a,0
0d685d0e6c,0
f9f6d07ef8,0
0b584334ec,0
abbfc2b6da,0
ef1f45c344,0
a82df1afd7,0
d3a5200984,0
70e591693e,0
5c7d9080a7,0
1326c6c44c,0
94c47d91f1,0
d2388821e8,0
f338a66d1d,0
a4758ce256,0
c9bf201844,0
accdd017c6,0
d30f062eab,0
8fb95456f7,0
51240b8214,0
aadce65175,0
8e6d48d590,0
b74b7e3fcb,0
1f9e36b852,0
5d6e5dacd1,0
ab7e67e948,0
6e457ff07c,0
073d53bacb,0
e62e4120ce,0
0ecddab3bf,0
f3e81e8ca9,0
32b39bf12b,0
71c23d9658,0
7ab2883acc,0
b572ebd3a0,0
d831e97bab,0
4096d7e704,0
b3fa871403,0
27c07c5ddf,0
b2ca4c3263,0
d91eb7d94d,0
e04f202d6c,0
da2adacc2e,0
e09178c407,0
fa6437e646,0
f789909693,0
1d234b0fe9,0
2d98306af4,0
651cd13517,0
2ada1f46bf,0
ea80b523f4,0
b6bb672d24,0
227ff6c6a0,0
600405887c,0
69d9200c30,0
8c244b3707,0
2e0483eb19,0
264fd4d30b,0
a7d0415f9c,0
59012b44ad,0
a5a3f1ccc4,0
9e2f3f2d8b,0
234c827251,0
544101748c,0
323faa6557,0
6253047d83,0
864a936a35,0
b914d613c7,0
73690a453a,0
907cfead4f,0
03afa34784,0
bb76dc3c07,0
690b51acba,0
7ec7bbd367,0
8e4e975f90,0
724229f1cb,0
99c03a69af,0
31463ca37e,0
e0b372a86d,0
73e91e1664,0
6f80b5cfb3,0
533f4ff07f,0
ea12414398,0
28995a2c0d,0
c8b586101e,0
9f8f6a6903,0
3c4dcf6dfc,0
2747827914,0
9aec25da37,0
3c4ee858b2,0
5da237693b,0
6a96ab0bd6,0
822a965f61,0
c2c2cbd7d0,0
7addaafed7,0
52cd9c241a,0
5e6a68690a,0
c5563da473,0
5ca452a03e,0
d66d71c372,0
ce0def455f,0
741e92be1f,0
20c4373a54,0
9da5ea1298,0
c69d3e1929,0
2594fcb40f,0
be67fb66b3,0
0a7e9ae0aa,0
a2807ae6bc,0
3c2ef1901b,0
f6eae85999,0
3a5b1fbaad,0
748ec70560,0
fb937217a0,0
0c1a70e451,0
b6b0047524,0
a3c171bc73,0
453afb3d31,0
40dd2b010d,0
5c8d10295b,0
0f07881e95,0
f038ba9c07,0
76044b057b,0
56a5ec9c03,0
8e0c19142e,0
5ec68887c1,0
295c4d1595,0
efbd1f26a5,0
22f2c8e194,0
2f99e0fa34,0
6e04efee3c,0
2a7185fd60,0
8252e1d5fe,0
19467c37df,0
48e1ff78f2,0
8bb2a9b4ef,0
8399b3c2cd,0
f46733e161,0
f77030293f,0
0474319403,0
4d01a3dbd0,0
c4f07589d0,0
993bd943d3,0
40480ac89b,0
09cc2d8708,0
a7fc04e4c6,0
2f57a2e309,0
b41f1aff4d,0
e1d07bb092,0
a32a2b5b8f,0
23a8311091,0
da28719dfd,0
bf155b02bd,0
a2e73e1357,0
9ba37a22e4,0
527ebf43ec,0
8f3bdfa3c1,0
fdab4c5e61,0
5edd6b7ba9,0
b8a4ead8b1,0
aeccd1fb52,0
dcbff8f66d,0
e59adbcd3a,0
8a835b9bf9,0
a224e1753d,0
1ef7946201,0
a68a5f2e3a,0
5dbfd76e58,0
3855328dee,0
ad608cd856,0
22191a9215,0
2cc06d8b10,0
312a72d73c,0
8117b6a362,0
00037f39cf,0
175bfb2b0c,0
a138ab3bd1,0
0fe999d3d5,0
044135b038,0
516d51b295,0
30e2fdaa77,0
0c75ccaac2,0
8b34042b7a,0
0457846918,0
17560583c1,0
8fe5744367,0
91f80f3e98,0
ecc4ba5567,0
38a0ddf147,0
aabbb2bd43,0
6d7be37d6a,0
70875175ed,0
08eb507fdf,0
85206f3cbd,0
bb53ef1828,0
c9bc9f200c,0
724a3dd761,0
a4ff3ad278,0
9401e925f1,0
c34ae04b89,0
79fe2665cb,0
30332d66f3,0
7bc74860bb,0
c115812b94,0
285506a846,0
6fa0b9010d,0
181d0c8829,0
39be3e9ed2,0
5dbab5726d,0
48af26beb8,0
9669cd4135,0
931cf9e44e,0
b519d4ef71,0
e27b048cee,0
7e5ae8620f,0
27d73d98c3,0
808a3872ed,0
5ee36f4005,0
40d2273d85,0
1e7f898d34,0
4ff57f0bce,0
24eb60438e,0
5b64147d28,0
68a7ac4184,0
26da1548ae,0
ccff8a9c9c,0
1bea20e1df,0
cae3f2d4f7,0
79c794728c,0
8ddf24ab1d,0
3728423e10,0
c8a2bd870c,0
7636f4f8ac,0
bd118e7b92,0
bf174755d0,0
de27088fdf,0
dcb66bc3ee,0
20fa0bcc74,0
4d872d8aa2,0
a89bd32e72,0
96c832c651,0
15cb6f5716,0
c1a11296c2,0
954f95d35f,0
9a2d947422,0
903a4207be,0
f1332ac407,0
196499f197,0
71eebf8f57,0
9f69998560,0
a441fa0449,0
2f3532702e,0
dac8af8ab3,0
589f5ed0ac,0
712dca4093,0
f4ebb37bfc,0
06c973e49b,0
024e63e143,0
0f133b8f91,0
48ccfd09d0,0
9347c0c9a9,0
1b0fa6c4c9,0
2fec73f205,0
2bc164b383,0
5a6e508b75,0
508a33a170,0
a25fdd5917,0
2564f21bc2,0
7616bd7ae5,0
d6f9272a49,0
c5f9eb390a,0
3bad45f2cc,0
6c80d62adb,0
25e4150d8a,0
153de641ea,0
df4011e630,0
202fd26f14,0
00e942bbdf,0
a6d4096b24,0
fadb90c1c4,0
43bfac185b,0
a580f210e5,0
28742531f8,0
6f35a935fa,0
4ab5f50373,0
c7e92bac87,0
12269c796b,0
998c225a0b,0
1019bdc854,0
8c9a013ab7,0
7323374915,0
92450fa418,0
687224ed4b,0
35041ec21b,0
ad4482a76b,0
39edd6529d,0
f0f7f5098c,0
6bb731a800,0
2b5359e179,0
c40b15ca50,0
7de25656de,0
9e17d9aef2,0
71c4994de8,0
c7e17652d2,0
907bdcbc11,0
0aa87b8bdb,0
28cc1ea326,0
2ee1a4c2b1,0
e8be8572ee,0
556f0ae176,0
ec54e99514,0
a16c79f3a7,0
e25d185a52,0
65df7a55f2,0
1c918023d6,0
4ee813262a,0
59fefacb14,0
ee7e99405d,0
5343f4c9e3,0
5ad0732245,0
22860be73c,0
d4cd013f21,0
bc10b57514,0
fc6f7f1344,0
413796c28a,0
1625f9db14,0
2261b761b0,0
350326701b,0
0a38b4739f,0
caa6a0f78b,0
4db4da6038,0
238f12f53f,0
bf0d3c01d1,0
9cfc3099e5,0
62ef88b54c,0
d2e7c4f17a,0
7ca26aafbf,0
079415c05a,0
022c90883c,0
33d1b80a14,0
625df624f8,0
f0687ba079,0
3f9fadc2cc,0
6dddd87c9d,0
5308e552da,0
c6bb15225e,0
08c159cb81,0
23adf0dede,0
c2f61742e5,0
1f87635aff,0
361603c116,0
8e5fabc455,0
cc0ff843d1,0
38b3642ece,0
6be7d4d30e,0
766af62a62,0
0d4836d1ae,0
dcb57707f6,0
bcaf29cf76,0
953abe48df,0
262fbc155d,0
25053d8329,0
41ac9f4b6e,0
9cd990a789,0
c8aa21ac97,0
01cbde8c46,0
ef7566db2c,0
007d45c89d,0
ee932b02fc,0
274dfec6e0,0
aa4109a073,0
6f42ae6ab4,0
023998ba5a,0
8eb7e77132,0
89c6d52042,0
5f207ac380,0
ed73cc77ea,0
a849b24b99,0
d81c15506d,0
cd91c5876c,0
60954620d6,0
7263af0881,0
96be21608a,0
0db1804a6b,0
a31b00d9c6,0
3f14a60b75,0
5d7be92de9,0
59712c920a,0
46b724b2f8,0
33c22ac266,0
55c5de31ec,0
342d03d9b2,0
08dd19ebe3,0
7385cae611,0
2b169d27d9,0
dcbac9160e,0
6704761b3c,0
c28474616c,0
440e2fda2f,0
8c6dfac15a,0
d769757046,0
fd945d1306,0
822fb7b543,0
68ac846d8d,0
cc85ec5298,0
2ac5b691fa,0
bfad68fe2a,0
ca03547110,0
b85485c0b4,0
c33de0ad08,0
2cec8cf0e3,0
aeba47c17c,0
f23173a6a6,0
ac1bd950b0,0
d740238f37,0
f44e880825,0
9689b85f50,0
5c06e46c5e,0
6dba773082,0
f8726da573,0
c2d735ed61,0
5c760dfcec,0
9b8bc70a71,0
e0b08ad65f,0
fe1a61777d,0
fef1d7bcfa,0
421921b162,0
08e484b505,0
955dfe160f,0
d732f39159,0
a7a799cb65,0
8fe1d67009,0
3141d9c749,0
ce7c2e9634,0
c7f4f14649,0
479ef404e9,0
e8b4beb516,0
abf6c4227a,0
3b858550be,0
4cbe3d6227,0
95476eb487,0
0bbab6f2d4,0
da4621a707,0
3c54e95a9a,0
66fee1789f,0
098ce5419c,0
74e5955470,0
8a9dd8ca83,0
3865e98e8d,0
10e35e8e93,0
f6c9da6121,0
50202bdf29,0
e79c3af820,0
1020a49b41,0
39eaae5bce,0
4908e31793,0
b99c24b31a,0
e8322f8887,0
f6fea6270c,0
9fbb55aa1c,0
5e8a21ead8,0
93617fe8e8,0
5313e5bf17,0
da0176b4c7,0
5d935a36c3,0
89a2b0dbfd,0
1559ee264f,0
5d43842506,0
3a1e191db6,0
9d9f3c4ea9,0
cb69775eff,0
e96e85632c,0
27c6c4c5f2,0
abe60b93d5,0
de3ab843c4,0
cec7e5c712,0
298647699b,0
34a1f23909,0
621c052f2f,0
f5d2825fff,0
d3d3950d7b,0
d3fb4415d5,0
78c0781a06,0
b1ba03e17d,0
a1e2bd5c65,0
7dfca4be58,0
1583bfd6f8,0
6fd17db794,0
1fe9d12c50,0
5a21a541e4,0
e2688cb007,0
f5e9b69ce1,0
bcb05e9ef1,0
d52640dd8d,0
632cc2a9bf,0
bcac371b54,0
328c58f0f1,0
c5207b559b,0
2069cb46d3,0
0c86f2dfd0,0
d7c7673ba8,0
f8b6749de8,0
6320064497,0
974f52e199,0
5c1b3c0147,0
efc444fc96,0
d034a904e2,0
af082b61dd,0
39e71545d8,0
1dca80f978,0
cf52b73715,0
f816a68bcf,0
d9ae4cc823,0
94ad0b5b0a,0
994aa605e8,0
033581b097,0
df4865fca1,0
34079c88ce,0
2722280556,0
32eb1a8daf,0
83e19a9ce4,0
f42740c1f0,0
4dfbe27220,0
3e6fadf870,0
034989d647,0
f52c1308a6,0
e9ab8bc5c3,0
7e90259380,0
0b5580e79d,0
0d779776b8,0
3ac84a0522,0
3cb25825a6,0
bfa0ec8bdf,0
d1f1775ac1,0
fecf38f73a,0
d0da1af52e,0
a96c35cc20,0
929aa622b6,0
25f2044c9f,0
0930901f3e,0
0d9653b98d,0
2559813bc6,0
c426adaef9,0
c1a874609d,0
a16c5b00bf,0
27e45cc8ec,0
a7452d4e5f,0
57a0b27219,0
b513a7ff59,0
997719bc73,0
1a145b425f,0
1eef748f05,0
d896af65d5,0
2cde073b39,0
12051e9967,0
7bffd6c036,0
253a70b3da,0
0460e16ca6,0
e48af3c3a2,0
5c70e097f6,0
7afb5aa51d,0
aff4b58554,0
b3658670d2,0
0b9d931552,0
72a2d4365f,0
a6ca0feab0,0
a1e93f3427,0
556ea1b2f7,0
952795a1f7,0
84960474c2,0
cc1acd99ac,0
6041bbb08b,0
864e30ed87,0
7ac7a7fb16,0
f08fd4d892,0
2b8616d58a,0
baffc1e34b,0
e4fccfc153,0
09b56f21e3,0
6d271914b4,0
146c09db1b,0
cc87d27285,0
3a79abdccb,0
775988758f,0
e25a5ef7ae,0
498be034e7,0
2502b2dc9b,0
b458944d9e,0
c223f76359,0
9dacbde326,0
7c1aade3c9,0
7119d5d963,0
44512bcbfd,0
55fdec9638,0
f2bdda2192,0
b24dd49aca,0
b329c24bcd,0
8ad38db8cf,0
043b901f48,0
78964ea28e,0
63b0155fe5,0
d9d628292c,0
1c0a41630b,0
b185e9bbd8,0
03f65a290e,0
b4746d5e8a,0
c6a2b6495f,0
e734ce8f05,0
50182d9d05,0
fc61dd3e64,0
83390968e3,0
73b78aae3f,0
abb29e3b1f,0
26480e3574,0
808ba8c29e,0
4aeb7ad6d5,0
8603752eb7,0
ffab53082b,0
2884aad103,0
5292478e83,0
03b0bd366e,0
ee763a42d5,0
b912bf62fe,0
be6eafb216,0
a762afde67,0
b4a9c08c7e,0
3d93ec274a,0
09c517a3b5,0
344ddf4c03,0
9f09cddacd,0
5b328cf43d,0
822c14d04b,0
2bb1c90302,0
7269957342,0
c18da87216,0
243b8a8b49,0
1142e030a0,0
5dd4ec9ded,0
5901aee4bc,0
c5080dbc42,0
60776b78d7,0
16d4b38fd1,0
9f1e7d452a,0
84d133d968,0
6334610e2b,0
7a64ce427c,0
80b6b4d270,0
6fdafe6ba5,0
34af953ef5,0
550018524a,0
6b4dd2d449,0
303e652fb5,0
5edcf3b4d5,0
204a58c319,0
d717567680,0
cad0152e4e,0
3b769fd26d,0
fc7b529a73,0
4dfc32fc79,0
dadac7208d,0
74ed65a2d2,0
481f137adf,0
262b06d105,0
08cc82ce68,0
04a3f8e256,0
cb03a2c5a7,0
71cadd0c63,0
9d5105a5f4,0
b6602f5869,0
5d072f5b85,0
7446b0b2ce,0
0219f19ceb,0
9f9191609d,0
6ae6efde2b,0
f0e6a61a0b,0
37bb3ec91d,0
b366c0efba,0
23147de999,0
2f4d707285,0
fd0d5cf8da,0
69faa6aa09,0
94f136bbfc,0
5b9ccce4a6,0
b68f7a167a,0
2021dc8bd9,0
46b7aa6222,0
cb5032bdf8,0
94ca7771bc,0
1cdfeccf13,0
a3f0fbc167,0
058b346de9,0
41cf091084,0
724d2f1a49,0
0af7d7158b,0
6d93bc61c7,0
511425f112,0
e52522a505,0
6493b0d488,0
d283fc7ed2,0
71c43128de,0
c3938f1bf0,0
ac26261418,0
c2bebd7cef,0
50adb203db,0
f8e01d1b17,0
899bf6f732,0
bb06af3e66,0
b780f20d75,0
3d59b38a8d,0
e5481aa7df,0
2b1e7392a9,0
322ac9c5f3,0
5eda48e9e4,0
4567f6e405,0
d7827558d4,0
33e335ace8,0
5035f549bd,0
e7cb53c0f8,0
0f49fbab78,0
940a01e99e,0
4cad08c00f,0
b411746bdf,0
58763bcead,0
7e8250dfc4,0
eeba9af98e,0
21113a3f71,0
b0b7697f8b,0
f296867839,0
6786bcc91b,0
6b384b49a0,0
a3de3fd43a,0
3f092380ea,0
53261662b8,0
701340c88f,0
5a02ef00b4,0
7d12ba56e9,0
65ab749279,0
6d472e1b40,0
05a721545e,0
42934cfcf4,0
35fcdee9b9,0
6de23857db,0
b2382de3cd,0
133806ca08,0
6a6839f92b,0
c4fc2f43ea,0
3cb5588f87,0
7a5df5ffa0,0
47ea147fee,0
0be057bbbd,0
700e459d87,0
194af3b3d7,0
4a147f223b,0
9e46866281,0
db4f5dd49b,0
8feaa233aa,0
a9695960eb,0
8fb3cacf62,0
af8637ccf1,0
07915fe7c4,0
bbd307789c,0
672947e348,0
2bd06acbea,0
d9b22972ea,0
f4e9921118,0
882018776b,0
7855619d06,0
e7f4697146,0
2e56a8020d,0
1134c0a7d4,0
deb2676eee,0
dde90787c7,0
e3c80264bc,0
62f4d89dd3,0
2f5499ef14,0
0315b4020a,0
b4e332c804,0
1f023880f7,0
3ae39b2b89,0
15d45f2509,0
49a57aab5a,0
120e52d7b5,0
f24e819d09,0
07aa2015d4,0
1648683fce,0
e58bb6dcf3,0
6f55c27567,0
15e922d2d8,0
490c19f4df,0
99e0483fe4,0
422169ef5a,0
b5887bceb6,0
70425373a1,0
6114506a77,0
3c868952e3,0
123a999fea,0
af5afdf392,0
50825d7e97,0
567c38161a,0
135a2e2a21,0
d49030599e,0
f72ec490c5,0
8aab8fb5f1,0
bf038251c5,0
2fc184dd8e,0
5cb58b248a,0
ee1de4914c,0
3269656aff,0
285f8e7a01,0
3c365ff931,0
081c68229e,0
0b3fe555ae,0
44f01ac3f1,0
509a9edbef,0
b0cc7072ef,0
4dea5c7cb7,0
e0d8014e6e,0
1d5eb45c97,0
4c4192b3de,0
2a42f4cce9,0
a5051f84e3,0
7bf6d2e213,0
ed657e1550,0
a353004563,0
752131c1f2,0
d149efa23c,0
bfe5385042,0
9607bf9d54,0
7a84a9b5bf,0
aaf696dfb2,0
958ad6fb6e,0
f23784f174,0
e593b3235f,0
77ec867e21,0
485419d812,0
56bf38ec03,0
3e38e73a5b,0
47dd9599d5,0
c24703aeed,0
94cfdb2ced,0
827416db13,0
575a423f57,0
87b4d74dba,0
3eebfbb8d7,0
9c83df45cd,0
96c5f63935,0
8e950708da,0
9464be44a4,0
eaea09d689,0
fa37cba3a6,0
6dc32ae01e,0
cdc670392a,0
3d3390390e,0
e754478c35,0
94cfe1694b,0
63ecbfa3a1,0
9b18e9f2b8,0
02858890ba,0
124ccf031c,0
314c8125db,0
794608c9ae,0
bdd7c88a58,0
bb8d629a50,0
af6b495dd2,0
494f8b426e,0
f9ae7cd271,0
7929065522,0
96f1436d75,0
bae9aa4081,0
afd7745eb5,0
b1859fb5fc,0
c70e8a8dbc,0
20bc9a3dbb,0
6815fd0989,0
406db32666,0
2a2b09c5a1,0
1d16bb3354,0
dee71b933e,0
d4e2501734,0
c6eaf20a01,0
9699b743ab,0
a39ff608d7,0
a8c42a5a10,0
000c15d0ea,0
8e57858ab4,0
d80d4a47ee,0
740c59b884,0
739b312ae9,0
e4f2c3ab5b,0
e206dd002a,0
377b01b6e3,0
bc805497f8,0
86af1a4e86,0
27a9f593af,0
1fa5d31168,0
2560766fc0,0
85a0c85aa3,0
c812fa553a,0
c060be6d9b,0
ac4584b902,0
c5012fb661,0
5792735a0a,0
6ef02a389c,0
37c39c93d0,0
053d7b9eef,0
0ec89b31a9,0
6c720cb9fb,0
de8736cc04,0
8b0ae2d638,0
f5095cd644,0
aa522a6bee,0
70bf620461,0
7834541aeb,0
a49e54e573,0
1074600eb3,0
16e18ac988,0
8f380b167d,0
8fcc65c791,0
ae50aa6328,0
35ea9e03d5,0
d663eacf96,0
cceba0e36b,0
e725a919d3,0
7ad3866ca9,0
eedb339e78,0
ed94c5f605,0
bc009cb099,0
2c8956be0d,0
48deb732e8,0
e209f7b7bf,0
9385aabddf,0
2790e3f70d,0
c1715e13ea,0
8c059aad9e,0
c60d521c82,0
6154e4fabe,0
b563622dd5,0
8cc579e7b0,0
cd6fdaf354,0
c2946bf3f4,0
64ef8cbfd4,0
cfe0815a32,0
6c237681e7,0
ec995be982,0
7246d3094b,0
8813ec7c79,0
a36e5c3dbd,0
72c2a3e487,0
6ef6a4c45e,0
6e686f3131,0
b6be463f69,0
3765c3e23a,0
c630fa554a,0
98b29bed80,0
584fe3ebcd,0
ee25805dac,0
d4c2ea3c5f,0
58421036b7,0
15221cbcf4,0
2b242e6227,0
24f692ed38,0
e43aee9661,0
2d13ab427f,0
33c62a2a33,0
47f6c8c4b3,0
9c77e9b370,0
909f911ba3,0
9302a967cc,0
253902860d,0
cca40327e9,0
a1ec6a90e8,0
dce14a7ef0,0
45297c633d,0
36684976be,0
21b727dd2b,0
ee09198e46,0
9430301e26,0
5d38d5f6a6,0
15f3a34b14,0
1c40b76589,0
e52477d26b,0
596d0c702b,0
77523aa039,0
cf6f8c91b5,0
307fbf6a9d,0
3c2de561e6,0
890ebdf964,0
b1085a6893,0
862952ddcc,0
aa4b0d224e,0
479886b5a5,0
b8b445ba5d,0
5728c992e0,0
b5518d4f3f,0
42f168c63b,0
9a360f004b,0
24fd7e2735,0
97b3e84b5d,0
1ec6907caa,0
761859531b,0
e3aa235a10,0
23293a9a3a,0
beb81e71a3,0
75ca4e6929,0
0d46ebf59e,0
a1271642c2,0
cd5f8e6d9c,0
953bcc66ef,0
e33b9415bc,0
33743b03c2,0
cd2ed2d000,0
4e504ed031,0
23b0cc711c,0
0da728f5d3,0
a183251a84,0
9aa14d633d,0
d0ab864a17,0
2c64999769,0
2099dfc64a,0
b98c5b564c,0
def76dbc0f,0
9a1cfcffdc,0
e4a01106d2,0
f4cd1757ff,0
54a9075c64,0
dc7d6256d1,0
8ca3a07a1b,0
ac7adad696,0
99c210ec94,0
7379ad4c3f,0
93a83415c3,0
8be1403927,0
833adfbf66,0
779d7a5455,0
74e4aef283,0
ab94b64d0a,0
d376881f5b,0
825f11613c,0
318aee3fed,0
74aa486106,0
817fbc1c43,0
ff231d4dee,0
e695386731,0
8c9089be2f,0
5616b00748,0
bd7f4d53f4,0
40b39ea6c2,0
41c8fa7d06,0
2fa382a80d,0
744cb58926,0
536326188b,0
7a81ab9d68,0
1299c06d51,0
1ea65ea38f,0
4c3aada37c,0
c21af72451,0
3e3176f322,0
8de143c7e8,0
ccfce015ab,0
9943324cb3,0
2204f2f125,0
1384874374,0
3c7217bd6d,0
7f8f0cd1bc,0
8d3b0a3543,0
fcc687ca8d,0
ab254fbd27,0
e0963ee522,0
6854dd1ca9,0
b6cbf3829f,0
4da12d0182,0
5193cb3466,0
8acc02dd9c,0
8012472a35,0
9540fce630,0
9cbfc3c153,0
46957db596,0
db2c44ae61,0
17d30b9a2e,0
4dca6e902b,0
07c903ce63,0
5e798568d5,0
0a23976134,0
7ce6f63886,0
cd4919b5f8,0
6b296ae2c0,0
d9eb1c864c,0
3aaf7d1467,0
a0d9819c45,0
c707392046,0
01eab8520d,0
42d9972e97,0
dd3fac0723,0
2cb87e3880,0
b1de4f1b92,0
f00f2e7bca,0
35ca46713c,0
50a2312d6d,0
0337d6fcd2,0
69be0182f4,0
f207f45123,0
3b96b9d2dc,0
cbfad02f9e,0
11f4138f4d,0
235aa062e6,0
02f7cd8e06,0
1498a27661,0
8485ee802c,0
d55a6ae3ab,0
6a2383b429,0
5c97197b40,0
2740db06df,0
337aed6750,0
9d6def7146,0
ea7fe8b72e,0
360acfeb7e,0
4c126bb257,0
14b76d13a1,0
8c9eda5bb5,0
8e75e642c4,0
e846d59983,0
af58873a6f,0
c6b4c26e25,0
af07603d4d,0
ec2f62c814,0
30e9c9f714,0
3b05cf6784,0
6c2240d234,0
9e6296be2b,0
e902f49872,0
4cf84afda7,0
32cf64b0b2,0
b996521be9,0
80e107ee3b,0
08c6f6cb28,0
da9570a2a7,0
e8ff748e5a,0
13b3f39cb7,0
5c26108d7f,0
2e9e0028cf,0
3c7f572560,0
de387b6003,0
4aff907ef4,0
c864021c8f,0
e38ab7d307,0
078468f27b,0
3eaabc8ccc,0
6f6d5739a0,0
cf5df26713,0
2651ef0848,0
137ff590f6,0
68c0d23721,0
ea9db7a9f7,0
1fc0d3390f,0
7b3ab93b00,0
91e1d1d06c,0
704f069acc,0
d982309a46,0
e2b79c6b00,0
726ec906a9,0
f8b7291025,0
6278894ef5,0
6fdd9b073b,0
a367613375,0
bf6d653062,0
6f177a3d23,0
06507e7711,0
9eadf697db,0
ab43f022f8,0
736e537f0f,0
f1268e501b,0
327e892542,0
7165f1707f,0
7f9a4b41bf,0
1c4fba56f3,0
5bb7843e0a,0
7bf0aff635,0
9aee9383f3,0
ad5f9478d6,0
4fa50ba878,0
c677d8031a,0
7808b86edb,0
80409fb214,0
497e671df1,0
b24bdc2fb4,0
d00e9ccf9b,0
9e2f46c99a,0
6557739a67,0
9b5e89a3d2,0
40178c2ab7,0
3d80025e7a,0
4fef435542,0
e41fbda961,0
c6cb970822,0
ae9123de2f,0
ac216dbb3b,0
3f46bdea03,0
67d4a2b9f7,0
2a7938a24f,0
6b05617279,0
a78a64d5ca,0
972fb81a3b,0
3e0cbdb59c,0
dc345d015a,0
8303b606b1,0
c96094ff9f,0
d4d37d59ac,0
92128c7fc2,0
67be10d98e,0
7b9b55714e,0
74a86f62d0,0
9b3cea3bd8,0
56e459e337,0
4925f6ff38,0
d398b29d3d,0
5f7635b6a1,0
03ca1c3278,0
34df2d15ee,0
120e90dfb2,0
5dd721a699,0
57c03210be,0
0f9c6877b9,0
9cd62f9313,0
c6637ffab4,0
4e1cf54286,0
d0d1ec1839,0
ad1e075215,0
8a8b6089b6,0
6103eaafbe,0
c83e0fc471,0
15d84d6057,0
580d98a707,0
072ba5cc0e,0
52f3df9e5b,0
e20229ca23,0
1fb34678cd,0
d212b2ac73,0
b85bf0f733,0
a3f0ac6f44,0
9553627933,0
25d4eaa6ee,0
0359bdb72f,0
c127fadbc2,0
01c129ed75,0
c94b98f609,0
e401f2bd39,0
a7fb57bd51,0
abd285e8b1,0
41ef109e70,0
888686c56d,0
3f584eba5e,0
aeaa637026,0
6cf69ce9e7,0
8296f1f76b,0
9931f287c4,0
e41bb15d9e,0
440a5f1726,0
bda2e18e9c,0
cead18006a,0
9627db2e2a,0
4c4def567a,0
2fe98face8,0
6606753e5a,0
0354fa127d,0
d39c538aae,0
75d2cd6526,0
df805239a1,0
fce1eda2d2,0
3d4ba0dbe6,0
9c27727c10,0
666d6fe53a,0
d42ed19c0d,0
609902f4bc,0
7b3087f7c8,0
21612db808,0
2044b67a2b,0
60d6e8f7ae,0
ceab64951a,0
6621ead3c9,0
142472979d,0
a3ee76bc34,0
1eb2cf2fae,0
570f9eac08,0
dea1ae8613,0
ea4bdbc141,0
801f852255,0
255ac64f2a,0
d3c74a06e1,0
a8302321e6,0
c0224e278f,0
6f2555e982,0
88831144c5,0
dcda112812,0
ef0b489c33,0
2dabe4cf6f,0
66414f7e5e,0
eed5fe88ee,0
10f6b6ad5e,0
1acc01f346,0
507c38cb8a,0
c69f0baaa1,0
2542d2e97f,0
05b68f8f80,0
fdc4dddb01,0
7421ff69b2,0
d65112fe4b,0
f346692204,0
99d344d4db,0
3ef0e858d3,0
ef82682ccc,0
c4b606ff15,0
fd69b53f64,0
7bbecb0907,0
57e8be9461,0
5779cc3946,0
bccc187b96,0
32e0398ac7,0
f72b71f2cf,0
75000e2a4f,0
5ce5695fc1,0
5008a184a9,0
9c55b07c46,0
c9147cda01,0
0457c48d8f,0
f580428217,0
d7a15df874,0
fca13bfeed,0
d88e4a72af,0
dc4bc88682,0
197a297149,0
fd80a10108,0
8f4950b33c,0
d31fd82522,0
6686fc4c74,0
0844b610d6,0
8722b30534,0
23aadc4582,0
438de6fb2e,0
a176eeb31e,0
744b93f995,0
9e54fa93db,0
ef3a964d3d,0
cfef26c866,0
105b1d1853,0
ea4284b8fb,0
3bc098c102,0
44735af720,0
e6955a2c59,0
1744784df1,0
7a36b30f04,0
15fc36b3e8,0
f615d96894,0
2e99a1f37a,0
f2a0f718b0,0
05a17f0144,0
bb4d3bd125,0
32ea22f4c8,0
9c67d3b75b,0
475368189e,0
4495c083aa,0
da4da809fe,0
541eead0d9,0
3921a7d706,0
4541a28905,0
0f179fbfd3,0
78e370b587,0
9c73ed825c,0
c544de1b14,0
8e8f006b6c,0
2c52330077,0
100d3edd36,0
430f0e467f,0
a41b6fde8b,0
f39d455f5d,0
f1d7fa1b12,0
885bf40616,0
85f72074ab,0
ebf29b8168,0
881319805b,0
2d0d1a2c48,0
283fb243c9,0
1c8a160084,0
a24a6dd3d3,0
98dc0608a3,0
0f0ae0e102,0
e9c15acddd,0
ce0f260d26,0
ed9d0fce1e,0
3d5d2c2971,0
f638ef983d,0
afc1690a33,0
931a4ddcbb,0
3834287db1,0
06c06a20ca,0
ea397586b6,0
0d9fb18c9a,0
73a2af8864,0
ee375f9661,0
36265dc278,0
b444aa2fe4,0
1a021e549b,0
137c149a3e,0
f8a5da214f,0
21bc59f909,0
1b6aaef482,0
7b6d57a3fc,0
0f427d4e14,0
e07aa27bdc,0
82f54bb9c5,0
fc952bb014,0
74bbcf773c,0
e2955c25a1,0
0b0829e2c1,0
75868569c7,0
fc2e2a17ba,0
0816b4288e,0
e1cbed0ecb,0
5bac544801,0
e49e72095a,0
e3a6a7d673,0
4987ed252a,0
61acd0047e,0
301790d313,0
1fcb898a0a,0
905daf4b6c,0
87d8e3aa62,0
5e9c1dc390,0
9fa1548e8b,0
34ff3bb373,0
d44f637a20,0
27bc6c510e,0
2f80a4ecf7,0
cb813f8a7e,0
38813d9a6e,0
32396038fc,0
55f5054a62,0
ec5ed4cd5e,0
b3152ebe9e,0
1992a7b5f8,0
8ff9538e65,0
ec297c7344,0
7b21594273,0
0dc5713ce8,0
9a1b6288c1,0
594333a314,0
9d70225dfc,0
895ea7bfb9,0
6ac26f2592,0
56fee0650f,0
6c769f97ee,0
a0c12d5078,0
df9d465656,0
b0952d81c2,0
b5bba04029,0
a2b6103a90,0
f0d18bbe64,0
38fc951620,0
7d03a05295,0
73410b2808,0
f6e2d4fb07,0
271940834e,0
685090b2f8,0
ef1d1c50e7,0
3dd993106e,0
09ff4bb052,0
bdca6431f7,0
99c842680c,0
64502fbae8,0
01f41d718f,0
74f71382d0,0
da2ab409e3,0
47a427797f,0
af1a52852d,0
1c6a14ffda,0
6938d18343,0
efec9aaf21,0
8c525f9367,0
40207240ec,0
d39e33ac6a,0
0ab847ee0d,0
6d5171c3ef,0
4b6ad8b866,0
d8912eba4a,0
d21cea5744,0
e9297a9f26,0
7f861bcee1,0
982cba6c09,0
d67e8edaa3,0
be322fb77d,0
9a20ae7884,0
70fd140a78,0
5dbb51ba63,0
e12868d1f3,0
4694198984,0
63a4b69673,0
275a8cd33a,0
550438f15e,0
3873ecf485,0
d3366ba5a4,0
612eeab902,0
9ed1279b64,0
e18144cbd1,0
2f4011ca31,0
d46d85035a,0
35a99a53ff,0
584f719804,0
0c62cc42d6,0
4f5966fcb2,0
9df82ff154,0
1c753160f1,0
16676c1285,0
36b0574ca9,0
c311b90801,0
162fda1c39,0
3c61752810,0
ace104f589,0
ad5393c506,0
0ba896169a,0
3b9f84399b,0
ffb56b8d39,0
320c68a765,0
1f58dbec71,0
bcb34b4d86,0
7c92e86bf4,0
4c1ebc7f52,0
d2fd3bb387,0
d5b1485673,0
b93156c46b,0
9e088cddb9,0
ef32cc5c2b,0
808d3b2985,0
ca35d6668c,0
05fe578931,0
93f606bd51,0
20ae7a6e90,0
025ca19d7b,0
e172e24d30,0
c4ed3cb24e,0
190510626e,0
18c6b6f840,0
bac14ac973,0
f8eebb16fa,0
69aa50d082,0
4da317481d,0
121076a413,0
408ae59678,0
f2522439c8,0
1d2db6db46,0
0a3455a92d,0
5c5fab9d41,0
1aea9d6b34,0
a7099f0775,0
5a3d4457e7,0
c8bcb9ad92,0
158f3b1a35,0
335a0d3403,0
46437ab18a,0
c0d427f8b8,0
33b66ae561,0
da6e2f5397,0
d73398cebe,0
212375a537,0
3a892eea64,0
6d0cf8b5b9,0
88b82308d5,0
8e6e63c5e8,0
7c10a9d2a7,0
9992c69a82,0
256a1f6490,0
0810d383f0,0
3b96c7da8a,0
fe7c302d8d,0
a102c4a3c1,0
7b3da84753,0
9701e339c5,0
935dad48e6,0
1f61c05e5a,0
3c74149664,0
79e52fa433,0
acdb6ad984,0
4edd2dea18,0
822a8e0aad,0
57d9aaa33d,0
3c2ea00c90,0
34ed0cec6e,0
7cabc7e024,0
c60e253106,0
d44ce37451,0
9c80d3de18,0
d66b138c54,0
069170cf54,0
baa8a6ecba,0
8c144858bb,0
2731053882,0
c9a70fe6cd,0
1787881c10,0
71d49d02f2,0
e4dcce8e6a,0
f513a0aa4f,0
9d0f9740bf,0
4366b9ea54,0
ff9511e025,0
e2aab8e08a,0
1cf48271e1,0
03ffeecfb8,0
dad1574b7f,0
873bd5e10c,0
d598b1b817,0
9a49fcedeb,0
d283bf98a4,0
91969e505d,0
f223bccd09,0
6630264f7c,0
731e88ce52,0
497cc1e88a,0
c08d12b1da,0
cfaa60293c,0
f596dc40b1,0
adb736c83f,0
0f95db9011,0
ccc6465cd2,0
4fc779c823,0
98cb1ca82c,0
20d0fbf03d,0
9189d4def6,0
b698d86c67,0
2928e19655,0
c2c358e9dd,0
a991b89eed,0
7d147b1c41,0
b92a65abee,0
a4cc876b9c,0
6ef3dcb7be,0
ef5839d610,0
26b0aaae6e,0
a5bef651c8,0
096500d448,0
8b0a2da322,0
d9521266ec,0
942399f999,0
dc55f7cfd3,0
172a70b37b,0
9f2b69296b,0
920c37d646,0
e04b14da01,0
48bf30cf24,0
1db7a6b288,0
82518f2b58,0
263522fa27,0
4a05d299cf,0
ac74ca8a7c,0
599fa5a8dc,0
3e8ab67ce1,0
8026c0fca2,0
a91612704c,0
a0270321ab,0
a73531f89e,0
603153b43d,0
923af4835d,0
80aa9e4f30,0
74e5927a9a,0
336120f10b,0
4f5131ea0c,0
d604696d6f,0
89318a1037,0
8ca1c1cf20,0
604bdba4ae,0
e1d9ce80c3,0
7328f9713c,0
2e77b490eb,0
343e4608e8,0
b7768fbb18,0
3eaeaacc5a,0
220e82423d,0
e04f657e2a,0
d83e303f68,0
5817ae4948,0
47c04d7995,0
8ceb744fa4,0
e0a19cbdac,0
79830ce5b6,0
e30919d4d5,0
5d5653c4eb,0
815573775e,0
f11ca4a63f,0
b902936750,0
5a2398a2ea,0
38206b956d,0
6879547fb1,0
1bc1000f53,0
6bc538975e,0
93989d0f14,0
75b3f6e9fc,0
21b65e4555,0
343c8d52ba,0
cbd542e4e0,0
9841b7a338,0
ed4f9ab585,0
0f152670cb,0
ad35e7efe1,0
36be8183ad,0
a2242bed4e,0
bfb0f696b1,0
6bd54958b4,0
014e9fb03e,0
374c0fd6e9,0
660c4a65af,0
ecd0ea4e77,0
acfb105825,0
c5f89ad7a8,0
4a8ed6268c,0
4657bf5fc7,0
a07eccc182,0
a754049ffb,0
4cd468501f,0
9d39302906,0
c567607d29,0
4556b34f73,0
434f4d14c1,0
a597ab82b1,0
e50271b2ab,0
7ec62885a6,0
05734f848c,0
3d21fff7f9,0
32948fbafc,0
387c447c4e,0
060e33205a,0
19e639b064,0
5d4f6ee8c6,0
8ba36ede1a,0
a360748ed9,0
24a720766c,0
3f5bc363a6,0
d8d851022f,0
11d1726fcc,0
d8d0dedb4b,0
0a6b81782b,0
4561429027,0
2a8ae61646,0
e9d171c352,0
402ad93001,0
068cdb9d2f,0
6fd9a41894,0
aa86723378,0
2a3d253e52,0
4432cb276f,0
76fbcd7c78,0
d82d37806d,0
6b96c2140a,0
25d114d44f,0
81b187544e,0
f123b11b02,0
258f31fc36,0
b06fa6f096,0
8595f9e3f5,0
f7cb9b960a,0
1b5a245cf5,0
b0a1cafd46,0
50a0a04f2d,0
778761ba6f,0
393a1a94b0,0
aac67e6564,0
757db91a80,0
83d7ce0106,0
e0abf16ce3,0
1ab227d52f,0
b6db6f8b80,0
7cbd0054c4,0
3b1ceda2ef,0
3653151b7a,0
956ed71cc6,0
3cb7cfaae3,0
7938b441a4,0
1a5b585a87,0
1098335e95,0
a0d641ce6e,0
da45ecf1bf,0
e84909d7fb,0
c83f8ce24d,0
0c6dbdad91,0
f23d089e7f,0
441df4958c,0
4ca58879ca,0
9b6dc42334,0
4121d897f5,0
31d7720419,0
8a97451623,0
cbfb88946b,0
2086aa9500,0
9a094988ee,0
d5a7049e8d,0
414de552ca,0
bf0a60ee19,0
9b3ab6b1b5,0
a47e085a7d,0
fcb55bd7a8,0
8f10833e3e,0
9467a0de94,0
a69a7896a1,0
572878043b,0
a8eb7b237a,0
ee94e46574,0
165940940a,0
08500acfbe,0
62abc4bd66,0
cd03fd02ad,0
b1b716da14,0
15310fd04e,0
6b6c0168bc,0
1a960a6e60,0
bcf1b6a7a9,0
58ff81fdb1,0
8a3e3a819b,0
100e667d1f,0
cd2d7b379c,0
48fe066161,0
46c2539655,0
d8ed8ca27d,0
fa4c5b8401,0
36c321ad53,0
54e87e2783,0
59f6c59d4e,0
68f2e33049,0
be1722b1d1,0
620e9c1f98,0
375fc19c52,0
131127203c,0
42c092b2c2,0
e5a406855f,0
33d88765a8,0
2611b07ac9,0
cccdcdb31e,0
33e14c2724,0
33ccfb150a,0
5b7267c26c,0
75c655fd64,0
d308ddc557,0
e09ffd3535,0
ab2a471111,0
7642280407,0
e144d6e018,0
894cc09012,0
a818957b3a,0
2369aefe8e,0
99dbbc4aad,0
481d60bc80,0
c08ee2a296,0
908e2a2dd5,0
4aa7c75f44,0
1b9fc6751b,0
884486e0e1,0
bdc1cc5988,0
9578b0e4a2,0
542cacae1d,0
7c72066c66,0
346f05a480,0
f71a6b4573,0
10e61d185a,0
b567edd38e,0
a8fd7dc0e1,0
459d056652,0
ab7a9032a2,0
0a8e1918df,0
0252b081bd,0
5366ec7df4,0
ad0d7f1275,0
b8c98001e1,0
425ab9e9e0,0
479904cc2d,0
e65de07206,0
ee28deeee5,0
6d9f4eaf4b,0
b969b01c15,0
3d1d7ba7ee,0
286c897eba,0
51295f0b77,0
caa43aab99,0
9317824a5a,0
42f8dba2c8,0
fccb6362a9,0
76d6a8153b,0
68bc5ec90a,0
8d30c67819,0
4b6fe8cd51,0
d41c8abd2a,0
0a07712d05,0
77d84ff69f,0
35b8f269ee,0
5fd9b6333f,0
4a46e7abb9,0
8eebb07990,0
131927c002,0
ddc10a5906,0
284c8d9831,0
1d89cd7e54,0
9d9ceff673,0
a6b316cab1,0
88267e1b14,0
49b3fd5d94,0
9d73bfb92a,0
a30a53f725,0
a64332fe1d,0
cfc30c6ec0,0
277375b99e,0
b028e7b30a,0
7928e72dd6,0
0cf10a71b9,0
94f802729d,0
0454a8d72f,0
59a46b111f,0
250167ca15,0
335f13ccec,0
ddb3686e0d,0
2ae7ffb0ec,0
a1e1e86414,0
22650cc4e6,0
3b47492744,0
060672b853,0
58070c528a,0
118a91dd9d,0
6339497c1a,0
deabeb979a,0
5ba38c9dc4,0
03d0925ac4,0
3810958e93,0
af1e1eb19b,0
32ff847955,0
f6a40abcd4,0
1a67316dfb,0
c2f9a9a48c,0
bbc9488202,0
0670783b46,0
f13f216028,0
714e65ea24,0
dccf692975,0
71bafb61f0,0
70eefe2327,0
e582f60825,0
0b9dad0346,0
1dba9a5bf2,0
8021cc8e46,0
408af69c6a,0
4e67c08001,0
6e80132e29,0
fc9fe95687,0
ff4b467b7a,0
83cbd79a90,0
4bf983753a,0
f83911c5da,0
d0a1a43031,0
fc5101a7f5,0
09b48c7599,0
30185966d0,0
71181f5d23,0
b695396d30,0
7b4aefaab8,0
3b5aa0daf8,0
d8639c216d,0
1070a982af,0
728edd27de,0
1235786993,0
e6d41d2086,0
33dc0ba860,0
1180705d05,0
ecf8103662,0
baf64c5bd9,0
5b9b460fd7,0
0ca1dddf38,0
255845886a,0
429711e69f,0
28d0efc8e1,0
70c766cb85,0
6b106b195b,0
ad1f3889d0,0
39cff4eb43,0
44864c96fa,0
b3396bcb59,0
f3a6399711,0
d95936051b,0
51e1424eeb,0
74f8d4b5c1,0
c59821ffcb,0
377ac4e989,0
423e032891,0
9ac3d96b5b,0
1498172a19,0
0409acd934,0
e9ef91d283,0
b1229e69f1,0
3b4f36d0ce,0
fba37ae0d7,0
2e67088920,0
7880bd7fe5,0
327d463779,0
5075680b7c,0
c1f330d0af,0
346d976255,0
899b9a3140,0
fb14971dea,0
bd64e13460,0
6b25866c1f,0
ca476f632e,0
c5e109e0af,0
e7ad40523c,0
e40a3fa00f,0
44e2740e4e,0
7c1c2745ec,0
0bb96d8721,0
8c0b66d905,0
61ab550f4c,0
4306a15b4c,0
e18f500790,0
23ca67ce89,0
25b799829d,0
84b564f960,0
5c499d7156,0
8b9a9848e2,0
f6cdb47f84,0
9f7d97be4c,0
b0efc797ea,0
e81d47bc19,0
519b10be54,0
a325d2b1c0,0
d7bf08e660,0
ec351e24af,0
b134ce47a8,0
bdf27cc797,0
48708652c1,0
4ebbca3ca2,0
a5ba595e55,0
86d3ce8c4f,0
479f8ec909,0
4817ddb54d,0
a3b4f61933,0
5fd441082b,0
c3aba2c5aa,0
c702d852a0,0
27bb55ca7d,0
514070b1ac,0
ce63ea0809,0
d7e1edcac4,0
e3ff67a034,0
3fd388b5f0,0
4a18c07e53,0
d1ff46f6ba,0
f45d0df1d4,0
3fbb234dbb,0
7da08b7990,0
c0438e3c5c,0
9f91572d9d,0
6e29d690a3,0
8b2e933923,0
5bca1fc5f2,0
2e1943902b,0
bd6486743e,0
12d060c367,0
18959bb5d7,0
83344686e2,0
ebafcf01f9,0
04ad2618a7,0
e4d8e2c979,0
17df374b29,0
c0aa4a0be7,0
10f15d8a9d,0
52558cb584,0
82af498652,0
d31b04b46b,0
e70a396cdf,0
a4167766b9,0
b635121110,0
2cb8b923f6,0
750feb5dd6,0
313cd30d56,0
802e03bf48,0
525cfd02ce,0
2920b9489a,0
934aa7be7d,0
61f4a24677,0
2c7881a5e7,0
659479bf8d,0
8d8538e7cb,0
d6b905bd0b,0
483aab8b1f,0
8f96a045c9,0
eacc30a21d,0
319f6d0f44,0
8e1f192fe2,0
d540bb7109,0
858a794b9a,0
f51ca7d8af,0
f10d342ce6,0
0ee9b22a59,0
206b16537b,0
576a0f27a4,0
38f13ba455,0
44c59909f1,0
6b5575edc3,0
9eb2d543a0,0
14c54242e8,0
81ea96707f,0
1fc1746654,0
0c9de27d6a,0
8f4e3ac888,0
2f216e1c81,0
8793bd5319,0
332d88d620,0
53eb7f9dca,0
914a6de7d8,0
12731be0d8,0
00a4d448b5,0
99cf15ac55,0
d7ccad3f6b,0
5502404569,0
1f70605832,0
7887567190,0
061a17b405,0
987f08bbb0,0
50181e9eff,0
2ffb714522,0
78c8822ecc,0
b1537e6110,0
845aab778f,0
f8184862e3,0
c564c8d54a,0
3157fb5efb,0
ab4e225c83,0
f69b0e3717,0
f393ed8e6e,0
8698df0ec4,0
41214f55c1,0
1a4dcfaf42,0
6c97aad35e,0
9bef177e56,0
f1325f9049,0
4ccb5ef020,0
c9a627fbae,0
5c0b1ae7ef,0
ac2151d8aa,0
8a3430bd81,0
e951dc1e10,0
57fb0303e4,0
597180d303,0
af545f4ae6,0
b92f859368,0
e2868eed33,0
fac919549c,0
7fed43c640,0
e78dcd2ab2,0
729830e85b,0
a3eac2342f,0
9c05d48bbd,0
5d0a1ea004,0
37d03b4246,0
5fc81d2cb6,0
8ae4ab086c,0
ba740deaf5,0
0b689c5667,0
dcdc295aba,0
c333a75353,0
a626f7bb50,0
be41b7f1fa,0
75b4ebd1ba,0
f7abacc7cb,0
cd52c325c5,0
58bf62e650,0
4332cd7659,0
6d43c88d47,0
b6e0c24b19,0
545fae2efd,0
8b833ace33,0
575c50a4d8,0
55184832e5,0
8ee3d6eae3,0
b49249ccbb,0
bfeb4fe71a,0
899fe985e8,0
29abebdeae,0
b97e72f065,0
2336ff2739,0
5c92d55ecb,0
14dadc2daa,0
3e34b5dc43,0
e1972d242e,0
996d7e2bc6,0
48fb307e0e,0
8c3a4d4bd5,0
6f54368527,0
cd9aae5b86,0
2a31dee3cd,0
72bdf4da8b,0
d64020634e,0
2b8ae45410,0
4a8b3ceff5,0
b1bc831def,0
03713c9bbf,0
81792906f1,0
2169499994,0
f05ab26430,0
9a3b84136c,0
ce16559af2,0
4c36c775b8,0
757b6b66ed,0
8a15fadc48,0
6de8c51282,0
fc0acc74b0,0
501883ce12,0
22e0da1c88,0
8c40712325,0
162e3973ec,0
3ec1311581,0
0c5f64081c,0
745a5b3e30,0
e76a469e13,0
5d69d55ace,0
a3d0c75739,0
9a0d49266d,0
61dd8cd59a,0
bbdd91b14d,0
ae53a42438,0
38177ec3e1,0
037cce21f9,0
a8054ef7fc,0
7c80456012,0
10328971ea,0
825a9788af,0
d0a04b4400,0
7d4c1271a7,0
9b04f5410f,0
01df2f8f80,0
8f0f97e140,0
06cb3ffc2b,0
5393f44a4c,0
b224bda238,0
ca7052960b,0
3aa176f89e,0
7d7be59d21,0
43c33bc891,0
2cf01c072d,0
f7ec2d2600,0
5078264a20,0
acff539c0d,0
d265908f76,0
b480ebaca8,0
6e237b1f8d,0
e9ab39f01d,0
99c34d9d69,0
c3b109c7b1,0
314e9ad1bb,0
e71d3cc1a4,0
09a0dcb0bb,0
50496d0b25,0
0d4a81d212,0
00bfd66f47,0
a40c943151,0
6b5f40c092,0
1a09807a0e,0
823fb2499b,0
8861a3ae97,0
3f83e9ad5b,0
96b026df37,0
b20a51d1d0,0
c1698979b9,0
ecdac8c096,0
2adf89afa7,0
dcdc240c9e,0
d53b91dfe0,0
143cf2c38c,0
76f30eda1e,0
a08c5cfffd,0
dd04e297c9,0
5d7ff90d7d,0
76a3097287,0
3223a2668f,0
92d146b1e2,0
16a641c270,0
a96fe578bd,0
7fb8a56336,0
6604ce9c6b,0
808c9cfebd,0
16a73fa3a0,0
d677f029a3,0
b4bcbc5dbb,0
3011be4c1d,0
50f739f3e0,0
38fbb36fa3,0
13b4088f2f,0
46529058fd,0
587887b1f6,0
68722dedde,0
3b4bee7de5,0
cad6ddf10c,0
400b6feaba,0
2e9b649aa6,0
725300467c,0
1219bf7ef2,0
1db01826cf,0
f805ea44df,0
f1ed082f13,0
64a7395596,0
312999abd1,0
2a0107774d,0
532d79cc5e,0
936d1dafd8,0
8fbd1be8db,0
277879fdcb,0
724c34e3d1,0
87b99ff27b,0
a7a84d7ed0,0
f7f2a37e86,0
a72c3d5110,0
87a8ea2f94,0
62ff375159,0
6e73a9ee39,0
1390be8dcd,0
83ba9bed95,0
9e3185c100,0
5a4b2cdca6,0
820acd0d5a,0
210c4b3f4e,0
df979f8f47,0
8b9d9d0133,0
40fb2eddec,0
b303d8f83f,0
ccc6742d52,0
1246892ef4,0
625bcac215,0
99233bba76,0
cb91409e37,0
52a6932d5a,0
6ef3867147,0
50123d2a09,0
754c0acf2e,0
8efb3a6025,0
a2de21b432,0
9fc7ef2c71,0
8c08858c18,0
065aab207e,0
452b4dcb2c,0
f0eab88acf,0
66dcb4a671,0
01ba9d7ab5,0
83f9d8d707,0
ed6dea4804,0
0252656a94,0
c25b5a6351,0
336938924d,0
1b13011c30,0
8f08fb89c2,0
fc2fe9eecc,0
10acb87b30,0
53bb6d3bab,0
3595dba096,0
f1294f35f1,0
971787b181,0
faede57cfa,0
14a79e5147,0
bdf67436ad,0
0d8be8cfcf,0
dc99a69a88,0
b1c04228b4,0
5ad194e144,0
9775a97df5,0
72a1917673,0
0fd688a635,0
6c0b64d1ba,0
4235d03344,0
bc9233c49b,0
a05de90216,0
0e3c49c57d,0
8dca02f796,0
3bf362dd9a,0
aaf7583071,0
ec00affb85,0
6f61b0f46a,0
5dd8233939,0
6af6b6d1a9,0
0f4f808958,0
37a12a55b2,0
664fdaa31c,0
9f1d68d37e,0
40792555fe,0
2eab8676de,0
0d0fa5f5d3,0
274e64235a,0
4babc876be,0
1421ff611c,0
86cbd9dec4,0
0376a3d5ae,0
e6785e32be,0
b76d7a9a51,0
04db176799,0
f2c8c2a5b9,0
04b4b3a7ae,0
d2e1081788,0
8e3330aeb5,0
44fe5cd136,0
62da5956da,0
824bd8704d,0
d511b5d469,0
1cdabc0d91,0
3c5d8ca315,0
36d3ef7675,0
2851eb1b08,0
eac627facf,0
9c30538ef1,0
707f6b27b3,0
7bb674da8d,0
63dfb10d2c,0
60fb27b6df,0
4654d79397,0
251851f415,0
5b4202c5f7,0
b711ed9bc1,0
6a34287a9f,0
8cbb651bd8,0
e6323c6f35,0
9428fb3611,0
48e019050c,0
a598a622f4,0
4f95c3cf2c,0
32ea6aa809,0
4fb8cc0552,0
4c327801d6,0
358b2b10f5,0
38083c7ee9,0
8cf499a972,0
8d3e3fa0a4,0
be749fcc62,0
29b72132c1,0
2a64968004,0
461463fb54,0
60f6f7c82d,0
f69b055e71,0
1e37a1cedc,0
aa5a1f5b1a,0
ae46bd6ed6,0
e44d7d2673,0
a9b9bd8e0e,0
f3a075fa8d,0
408a880c85,0
a8e8300d94,0
7d91b762b5,0
023735e650,0
de83c8c1ab,0
f0713c25aa,0
b630babcbd,0
e1ff7d9997,0
f0fed4506f,0
a338ed1797,0
e91cb79d46,0
307faca131,0
fb48aaf65e,0
79fdc2a90e,0
a36f81f050,0
e0687aaa86,0
a812c832ad,0
ec23bffbd8,0
07df47f485,0
0a4e3e7059,0
555850e8f7,0
da08446583,0
ae06d7e47d,0
c2fd16a452,0
b20cfc7c65,0
fea2ab9d00,0
08836a0a52,0
c9eda60a62,0
7536db6648,0
5c411304f8,0
614cb3fc60,0
aedec0d0ca,0
25359cfb86,0
71c7b59681,0
4d1149f568,0
e0ccc43c9b,0
4c92b97852,0
0820a89e48,0
1fd60831ce,0
d0f25b8abb,0
5f829f9e9b,0
d6fe8ab698,0
9f8414c1ed,0
d6da8b1e3b,0
ed042e51f6,0
9f1852598c,0
d975b6d649,0
8cd6cb7e16,0
762454f3d0,0
d8ed6dce12,0
e1d59db5a1,0
728f1a2937,0
4f9eb48d37,0
c47e82e01e,0
6c0b123ec6,0
23cd823b96,0
2249206187,0
7d398da879,0
292538a65f,0
bbcea8b016,0
2ca0ae59a3,0
216da54b59,0
ced6f3c05e,0
165fdf4214,0
4103f0a4e7,0
4fffe8816a,0
84961ee29c,0
680f612e34,0
d8434700ae,0
1e0b605fa2,0
5b2bf937c7,0
7a09da8ecc,0
749fea2924,0
d9a643e38a,0
0929b60950,0
9963793834,0
a8178a8101,0
a953c30e47,0
0e1bc0975d,0
b16ca1d304,0
c9666ca719,0
6538560694,0
20d1d87c0d,0
af93a06c80,0
577f11e583,0
930f7bc78c,0
0d59691515,0
8506ef9d3c,0
ecf9f7d681,0
56dc6c2bd0,0
d18b5caf05,0
f2545297c4,0
19dc1c2e10,0
327ec29056,0
06df4191d5,0
b2d0bf51e6,0
79b50932dd,0
2f8375d2a9,0
2841dad7e5,0
a17c19d4f3,0
7995b28bf4,0
6550bd8d08,0
4ed8be64ca,0
3dab31dab2,0
9e910c76fe,0
d48601bf04,0
92abb80a9a,0
dbbcd3ff02,0
0e563c377f,0
e64474fd91,0
8db4f214b0,0
485d997d70,0
c260c3bbf8,0
53b1751856,0
69769ab78b,0
748595a869,0
a3346b8b4c,0
83f317efec,0
a1aef9f423,0
9c19f29d0e,0
64502d55e7,0
7e08ff98fa,0
521ea9c60b,0
de3d43caad,0
735fb13674,0
da26b77bec,0
e9cf0653c1,0
fe4f4f270d,0
f443a4be8b,0
5af4c93ae1,0
672eb365c9,0
a8e0c3c8e8,0
0068ddd8e4,0
3cd7b476b2,0
bfbbc7d894,0
cf3ff1a00f,0
5820260936,0
0ee95e1b4a,0
956b610def,0
0fc0fe5784,0
5228bcba37,0
fff6d685ea,0
02f3aaffd8,0
b090147020,0
dc7b81fd2f,0
36a02b1565,0
b5aeff8acc,0
4d5f60d62b,0
a5d7881112,0
a2541e84e9,0
05c8bd5d4d,0
9f273a349b,0
9934db2d90,0
2c903ae837,0
fa84a88741,0
7ee3819bf6,0
e697ac3080,0
6c210f0cac,0
c89351f5fe,0
622c88be35,0
103330f9cc,0
7dca45c32e,0
89e2768c87,0
28319e6085,0
b43ec56948,0
2e261b21f0,0
e919459e62,0
ae08ef776d,0
9113b98df8,0
c848d8b966,0
44d39c6e5e,0
3a49576fd0,0
4b9fd282c2,0
c4da2d0f7e,0
fff62c78fb,0
9fbba4a598,0
10817df0e1,0
c6fab63609,0
6ab2c7d137,0
251162b161,0
c3b95e6baf,0
b1ab1e8926,0
2ec950ea98,0
50d65da5a5,0
25e16cbd45,0
2ae8a105b8,0
4c97149849,0
6656cb1339,0
43871a4ea2,0
b53a7292b3,0
5a1130e36e,0
8da11e8a75,0
f6641c06da,0
56b9464357,0
57cd0d3724,0
adde7bf0e3,0
4e78ccea6e,0
a48317286e,0
fddc599a3a,0
f6903a126c,0
429df0dc02,0
5bc05e2415,0
d0a8a882c0,0
c21c1a4d4f,0
cfb05fff77,0
57945cc3fe,0
5514a9f709,0
73e7f3f802,0
46ff18131a,0
42e544025f,0
b530add70a,0
05a4cd5857,0
ca0f11ca98,0
529faed5f6,0
63c5cd559e,0
08b25a1fb4,0
83e35ecb55,0
7987e36c43,0
3c3ccbacd3,0
10af234996,0
5aca6f08b6,0
0ab77c56ee,0
90e8557515,0
1f6909d0ba,0
af027c99e4,0
e7d5f7be51,0
801bdad992,0
b906e4061c,0
2d5a68dd47,0
2783e25b07,0
d88c39de46,0
0a95ca5e3e,0
cbbe2e41ff,0
f6ca70bd1c,0
61f5869c42,0
882555fb1b,0
a778f7d318,0
8032b67b62,0
3714b7f3b3,0
891034f11f,0
f8b2f96ed0,0
2c0fbbaee7,0
6d0b62b434,0
72cd46089d,0
8e614d39a1,0
6b94c823cf,0
c62b377fa3,0
4cf826dd75,0
3b5becbb1c,0
fc706fa640,0
d81351809a,0
b7375a47bf,0
a01939fb3f,0
92acf1f3ac,0
ad90e46468,0
b66521948b,0
6dec14b3ff,0
670a7f467e,0
3644cb1007,0
41667f6e26,0
4f90f57995,0
cdcaf888b5,0
01f0a55c86,0
9d551151d7,0
05758cd387,0
cc0fbd76e4,0
afdcba2e17,0
d5c4f67a13,0
b7aa5cfd1d,0
52a6eb687c,0
1fdc5156df,0
c0bfde62b1,0
59dac69c02,0
fea8344c6c,0
4afec31700,0
6995cc07f1,0
04e97796ac,0
0f5640aaf6,0
9f4ea8281f,0
803919e93c,0
9551dc1867,0
2d6c50388f,0
727a25d0f9,0
57c5119ac4,0
e9f8a8c649,0
3b65412af8,0
23f0845890,0
fa69411a00,0
cad6a6cdd2,0
57971022aa,0
17e07e2750,0
b003ffe3e5,0
3343427bd8,0
878993918f,0
6bfdef5eaf,0
d03e597485,0
fa014137b3,0
281b13e305,0
28479e2698,0
cd4dc3be25,0
562545a23a,0
b45cc3f5b6,0
e6c3b6f798,0
efe8564971,0
1b8f39475c,0
82887006d0,0
6a0e55841e,0
92a7194ae5,0
472c3c13b5,0
0f47caa1af,0
cd444afadc,0
03f654824d,0
0673c84a15,0
b71e3f9398,0
a7bb447258,0
0341b5dd62,0
245d17b28d,0
6ee1f58e7b,0
5f5e771dcb,0
5dd0890c61,0
479dc31071,0
66c03337b2,0
151a4a9dbe,0
2b5f8c083a,0
cc53fd82eb,0
fde3f2e712,0
d3f209a2d2,0
aa32dcc196,0
00f6112fe5,0
5dfe43a321,0
4bbcd97e4d,0
73119072ce,0
479de61e68,0
e66f404f78,0
214c993d16,0
e3680aff4c,0
3f7e05acc0,0
5246272819,0
55c9af00a7,0
25472dbf66,0
22fefb3e2c,0
06b9fe7fa1,0
496447a582,0
be9deda60c,0
6cf5896600,0
8266498d96,0
a4e95083ad,0
3f7dbbd55f,0
5ecebdecee,0
cb2dca9d39,0
2661af8c78,0
1090b9e9eb,0
156d8bf714,0
468aa3110c,0
b0cc10087a,0
54d639e084,0
bfa842b2aa,0
e17048119e,0
ea85b0d612,0
5b382a8191,0
51e6811411,0
e40f403944,0
09c8798b15,0
d12a4891fb,0
9c14138412,0
0b2e1b2d34,0
8d049a1326,0
2c73b3b9ed,0
ca90f39707,0
7f9401303b,0
6230c4cfda,0
f50c8eb95b,0
6a2dbdf30a,0
5997fffe60,0
46e3af8acb,0
38c02f46b5,0
41b241da37,0
93495fae15,0
46c1776477,0
ad361d0f21,0
b7b99ba738,0
b954bc4aca,0
6ede7706fe,0
96cd0eaa2a,0
f87ff9f55f,0
f7bb120e80,0
09cb71299e,0
ce8e47d692,0
044c06ac12,0
